Workbook

Sheet Аркуш1
A1: БАТАЛЬЙОН | B1: ПІДРОЗДІЛ | C1: Штатна кількість О/C (100%) | D1: Кількість за списком | E1: Наявність | F1: О/С % | G1: О/с на виконанні бойового завдання | J1: Резерв о/с кома-ндира полку | K1: БЗВП
G3: На виконанні б/з | H3: Резерв згідно графіку заміни | I3: Резерв о/с викона-ння бойових завдань | K3: 01.07 - 07.07 | L3: 08.07 - 14.07 | M3: 16.07 - 22.07 | N3: 22.07 - 31.07
A4: 1 ШБ | B4: Управління | C4: 8 | D4: 7 | F4: =D4/C4 -> 0.875 | G4: 0 | H4: 0 | I4: 0 | J4: 0 | K4: 0 | L4: 0 | M4: 0 | N4: 0
B5: Штаб | C5: 20 | D5: 14 | F5: =D5/C5 -> 0.7 | G5: 0 | H5: 0 | I5: 0 | J5: 0 | K5: 0 | L5: 0 | M5: 0 | N5: 0
B6: 1 штурмова рота | C6: 166 | D6: 159 | F6: =D6/C6 -> 0.95783133 | G6: 12 | H6: 0 | I6: 0 | J6: 0 | K6: 0 | L6: 0 | M6: 1 | N6: 0
B7: 2 штурмова рота | C7: 166 | D7: 160 | F7: =D7/C7 -> 0.96385542 | G7: 11 | H7: 0 | I7: 0 | J7: 0 | K7: 0 | L7: 0 | M7: 12 | N7: 0
B8: 3 штурмова рота | C8: 157 | D8: 154 | F8: =D8/C8 -> 0.98089172 | G8: 10 | H8: 0 | I8: 0 | J8: 0 | K8: 0 | L8: 0 | M8: 10 | N8: 0
B9: Взвод зв'язку | C9: 20 | D9: 19 | F9: =D9/C9 -> 0.95 | G9: 3 | H9: 0 | I9: 0 | J9: 0 | K9: 0 | L9: 0 | M9: 0 | N9: 0
B10: ВМЗ | C10: 21 | D10: 21 | F10: =D10/C10 -> 1 | G10: 0 | H10: 0 | I10: 0 | J10: 0 | K10: 0 | L10: 0 | M10: 0 | N10: 0
B11: Взвод перехоплювачів БПЛА | C11: 24 | D11: 23 | F11: =D11/C11 -> 0.95833333 | G11: 0 | H11: 0 | I11: 0 | J11: 0 | K11: 0 | L11: 0 | M11: 0 | N11: 0
B12: ВТЗ | C12: 17 | D12: 17 | F12: =D12/C12 -> 1 | G12: 0 | H12: 0 | I12: 0 | J12: 0 | K12: 0 | L12: 0 | M12: 0 | N12: 0
B13: Відділення РЕБ | C13: 12 | D13: 12 | F13: =D13/C13 -> 1 | G13: 0 | H13: 0 | I13: 0 | J13: 0 | K13: 0 | L13: 0 | M13: 0 | N13: 0
B14: Група безпілотних систем | C14: 5 | D14: 4 | F14: =D14/C14 -> 0.8 | G14: 0 | H14: 0 | I14: 0 | J14: 0 | K14: 0 | L14: 0 | M14: 0 | N14: 0
B15: Група ОВГП | C15: 2 | D15: 1 | F15: =D15/C15 -> 0.5 | G15: 0 | H15: 0 | I15: 0 | J15: 0 | K15: 0 | L15: 0 | M15: 0 | N15: 0
B16: Знітно - ракетний взвод | C16: 0 | D16: 0 | F16: 0 | G16: 0 | H16: 0 | I16: 0 | J16: 0 | K16: 0 | L16: 0 | M16: 0 | N16: 0
B17: ІСВ | C17: 26 | D17: 25 | F17: =D17/C17 -> 0.96153846 | G17: 0 | H17: 0 | I17: 0 | J17: 0 | K17: 0 | L17: 0 | M17: 0 | N17: 0
B18: Мінометна батарея | C18: 83 | D18: 80 | F18: =D18/C18 -> 0.96385542 | G18: 0 | H18: 0 | I18: 0 | J18: 0 | K18: 0 | L18: 0 | M18: 0 | N18: 0
B19: Розвідувальний взвод | C19: 32 | D19: 30 | F19: =D19/C19 -> 0.9375 | G19: 4 | H19: 0 | I19: 0 | J19: 0 | K19: 0 | L19: 0 | M19: 9 | N19: 0
B20: Рота безпілотних авіаційних комплексів | C20: 87 | D20: 82 | F20: =D20/C20 -> 0.94252874 | G20: 35 | H20: 0 | I20: 0 | J20: 0 | K20: 0 | L20: 0 | M20: 3 | N20: 0
B21: Рота вогневої підтримки | C21: 127 | D21: 120 | F21: =D21/C21 -> 0.94488189 | G21: 13 | H21: 0 | I21: 0 | J21: 0 | K21: 0 | L21: 0 | M21: 3 | N21: 6
B22: Медичний пункт | C22: 21 | D22: 16 | F22: =D22/C22 -> 0.76190476 | G22: 2 | H22: 0 | I22: 0 | J22: 0 | K22: 0 | L22: 0 | M22: 0 | N22: 0
A23: Всього: | C23: =SUM(C4:C22) -> 994 | D23: =SUM(D4:D22) -> 944 | F23: =D23/C23 -> 0.94969819 | G23: =SUM(G4:G22) -> 90 | H23: 0 | I23: 0 | J23: 0 | K23: 0 | L23: 0 | M23: =SUM(M4:M22) -> 38 | N23: =SUM(N4:N22) -> 6
A24: 2 ШБ | B24: Управління | C24: 8 | D24: 7 | F24: =D24/C24 -> 0.875 | G24: 0 | H24: 0 | I24: 0 | J24: 0 | K24: 0 | L24: 0 | M24: 0 | N24: 0
B25: Штаб | C25: 20 | D25: 14 | F25: =D25/C25 -> 0.7 | G25: 0 | H25: 0 | I25: 0 | J25: 0 | K25: 0 | L25: 0 | M25: 0 | N25: 0
B26: 1 штурмова рота | C26: 166 | D26: 160 | F26: =D26/C26 -> 0.96385542 | G26: 16 | H26: 0 | I26: 1 | J26: 0 | K26: 0 | L26: 0 | M26: 0 | N26: 8
B27: 2 штурмова рота | C27: 166 | D27: 160 | F27: =D27/C27 -> 0.96385542 | G27: 10 | H27: 0 | I27: 3 | J27: 0 | K27: 0 | L27: 0 | M27: 0 | N27: 25
B28: 3 штурмова рота | C28: 157 | D28: 159 | F28: =D28/C28 -> 1.0127389 | G28: 16 | H28: 0 | I28: 3 | J28: 0 | K28: 0 | L28: 0 | M28: 0 | N28: 5
B29: Взвод зв'язку | C29: 20 | D29: 19 | F29: =D29/C29 -> 0.95 | G29: 4 | H29: 0 | I29: 0 | J29: 0 | K29: 0 | L29: 0 | M29: 0 | N29: 0
B30: ВМЗ | C30: 21 | D30: 21 | F30: =D30/C30 -> 1 | G30: 0 | H30: 0 | I30: 0 | J30: 0 | K30: 0 | L30: 0 | M30: 0 | N30: 1
B31: Взвод перехоплювачів БПЛА | C31: 24 | D31: 22 | F31: =D31/C31 -> 0.91666667 | G31: 7 | H31: 0 | I31: 0 | J31: 0 | K31: 0 | L31: 0 | M31: 0 | N31: 0
B32: ВТЗ | C32: 17 | D32: 17 | F32: =D32/C32 -> 1 | G32: 0 | H32: 0 | I32: 0 | J32: 0 | K32: 0 | L32: 0 | M32: 0 | N32: 0
B33: Відділення РЕБ | C33: 12 | D33: 12 | F33: =D33/C33 -> 1 | G33: 6 | H33: 0 | I33: 0 | J33: 0 | K33: 0 | L33: 0 | M33: 0 | N33: 0
B34: Група безпілотних систем | C34: 5 | D34: 2 | F34: =D34/C34 -> 0.4 | G34: 0 | H34: 0 | I34: 0 | J34: 0 | K34: 0 | L34: 0 | M34: 0 | N34: 0
B35: Група ОВГП | C35: 2 | D35: 1 | F35: =D35/C35 -> 0.5 | H35: 0 | I35: 0 | J35: 0 | K35: 0 | L35: 0 | M35: 0 | N35: 0
B36: ІСВ | C36: 26 | D36: 30 | F36: =D36/C36 -> 1.1538462 | G36: 0 | H36: 0 | I36: 0 | J36: 0 | K36: 0 | L36: 0 | M36: 0 | N36: 0
B37: Мінометна батарея | C37: 83 | D37: 80 | F37: =D37/C37 -> 0.96385542 | G37: 3 | H37: 0 | I37: 0 | J37: 0 | K37: 0 | L37: 0 | M37: 0 | N37: 0
B38: Розвідувальний взвод | C38: 32 | D38: 29 | F38: =D38/C38 -> 0.90625 | G38: 0 | H38: 0 | J38: 0 | K38: 0 | L38: 0 | M38: 0 | N38: 0
B39: Рота безпілотних авіаційних комплексів | C39: 87 | D39: 83 | F39: =D39/C39 -> 0.95402299 | G39: 44 | H39: 0 | I39: 0 | J39: 0 | K39: 0 | L39: 0 | M39: 0 | N39: 5
B40: Рота вогневої підтримки | C40: 127 | D40: 123 | F40: =D40/C40 -> 0.96850394 | G40: 11 | H40: 0 | I40: 2 | J40: 0 | K40: 0 | L40: 0 | M40: 0 | N40: 4
B41: Медичний пункт | C41: 21 | D41: 19 | F41: =D41/C41 -> 0.9047619 | G41: 1 | H41: 0 | I41: 0 | J41: 0 | K41: 0 | L41: 0 | M41: 0 | N41: 0
A42: Всього: | C42: =SUM(C24:C41) -> 994 | D42: =SUM(D24:D41) -> 958 | F42: =D42/C42 -> 0.9637827 | G42: =SUM(G24:G41) -> 118 | H42: =SUM(H24:H41) -> 0 | I42: =SUM(I24:I41) -> 9 | J42: =SUM(J24:J41) -> 0 | K42: =SUM(K24:K41) -> 0 | L42: =SUM(L24:L41) -> 0 | M42: =SUM(M24:M41) -> 0 | N42: =SUM(N24:N41) -> 48
A43: 3 ШБ | B43: Управління | C43: 7 | D43: 6 | F43: 0.85714286 | G43: 1 | H43: 0 | I43: 0 | J43: 0 | K43: 0 | L43: 0 | M43: 0 | N43: 0
B44: Штаб | C44: 20 | D44: 10 | F44: 0.5 | G44: 2 | H44: 0 | I44: 0 | J44: 0 | K44: 0 | L44: 0 | M44: 0 | N44: 0
B45: 1 штурмова рота | C45: 280 | D45: 260 | F45: 0.92857143 | G45: 25 | H45: 5 | I45: 7 | J45: 0 | K45: 0 | L45: 0 | M45: 1 | N45: 5
B46: 2 штурмова рота | C46: 280 | D46: 264 | F46: 0.94285714 | G46: 27 | I46: 1 | J46: 0 | K46: 0 | L46: 0 | M46: 8 | N46: 1
B47: 3 штурмова рота | C47: 280 | D47: 254 | F47: 0.90714286 | G47: 28 | H47: 4 | I47: 3 | J47: 0 | K47: 0 | L47: 0 | M47: 3 | N47: 3
B48: Взвод зв'язку | C48: 13 | D48: 13 | F48: 1 | G48: 4 | H48: 0 | I48: 0 | J48: 0 | K48: 0 | L48: 0 | M48: 0 | N48: 0
B49: ВМЗ | C49: 25 | D49: 25 | F49: 1 | G49: 1 | H49: 0 | I49: 0 | J49: 0 | K49: 0 | L49: 0 | M49: 0 | N49: 0
B50: Взвод перехоплювачів БПЛА | C50: 24 | D50: 22 | F50: 0.91666667 | G50: 1 | H50: 0 | I50: 1 | J50: 0 | K50: 0 | L50: 0 | M50: 0 | N50: 0
B51: ВТЗ | C51: 14 | D51: 14 | F51: 1 | G51: 2 | H51: 1 | I51: 0 | J51: 0 | K51: 0 | L51: 0 | M51: 0 | N51: 0
B52: Відділення РЕБ | C52: 12 | D52: 12 | F52: 1 | G52: 6 | H52: 0 | I52: 0 | J52: 0 | K52: 0 | L52: 0 | M52: 0 | N52: 0
B53: Група безпілотних систем | C53: 5 | D53: 0 | F53: 0 | G53: 0 | H53: 0 | I53: 0 | J53: 0 | K53: 0 | L53: 0 | M53: 0 | N53: 0
B54: Група ОВГП | C54: 2 | D54: 1 | F54: 0.5 | G54: 0 | H54: 0 | I54: 0 | J54: 0 | K54: 0 | L54: 0 | M54: 0 | N54: 0
B55: Взвод протитанкових ракетних комплексів | C55: 9 | D55: 8 | F55: 0.88888889 | G55: 3 | H55: 0 | I55: 0 | J55: 0 | K55: 0 | L55: 0 | M55: 0 | N55: 0
B56: ІСВ | C56: 15 | D56: 15 | F56: 1 | G56: 5 | H56: 0 | I56: 0 | J56: 0 | K56: 0 | L56: 0 | M56: 0 | N56: 0
B57: Розвідувальний взвод | C57: 37 | D57: 35 | F57: 0.94594595 | G57: 5 | H57: 0 | I57: 0 | J57: 0 | K57: 0 | L57: 0 | M57: 0 | N57: 1
B58: Рота безпілотних авіаційних комплексів | C58: 87 | D58: 80 | F58: 0.91954023 | G58: 23 | H58: 0 | I58: 0 | J58: 0 | K58: 0 | L58: 0 | M58: 0 | N58: 0
... B60: Медичний пункт | C60: 10 | D60: 8 | F60: 0.8 | G60: 0 | H60: 0 | I60: 0 | J60: 0 | K60: 0 | L60: 0 | M60: 0 | N60: 0
A61: Всього: | C61: =SUM(C43:C60) -> 1120 | D61: =SUM(D43:D60) -> 1027 | F61: =D61/C61 -> 0.91696429 | G61: =SUM(G43:G60) -> 133 | H61: =SUM(H43:H60) -> 10 | I61: =SUM(I43:I60) -> 12 | J61: =SUM(J43:J60) -> 0 | K61: =SUM(K43:K60) -> 0 | L61: =SUM(L43:L60) -> 0 | M61: =SUM(M43:M60) -> 12 | N61: =SUM(N43:N60) -> 10
A62: 4 ШБ | B62: Управління | C62: 8 | D62: 8 | F62: =D62/C62 -> 1 | G62: 0 | H62: 0 | I62: 0 | J62: 0 | K62: 0 | L62: 0 | M62: 0 | N62: 0
B63: Штаб | C63: 20 | D63: 13 | F63: =D63/C63 -> 0.65 | G63: 0 | H63: 0 | I63: 0 | J63: 0 | K63: 0 | L63: 0 | M63: 0 | N63: 0
B64: 1 штурмова рота | C64: 166 | D64: 154 | F64: =D64/C64 -> 0.92771084 | G64: 35 | H64: 15 | I64: 0 | J64: 21 | K64: 0 | L64: 0 | M64: 22 | N64: 0
B65: 2 штурмова рота | C65: 166 | D65: 159 | F65: =D65/C65 -> 0.95783133 | G65: 27 | H65: 20 | I65: 0 | J65: 19 | K65: 0 | L65: 0 | M65: 27 | N65: 0
B66: 3 штурмова рота | C66: 157 | D66: 142 | F66: =D66/C66 -> 0.9044586 | G66: 34 | H66: 13 | I66: 0 | J66: 3 | K66: 0 | L66: 0 | M66: 16 | N66: 0
B67: Взвод зв'язку | C67: 20 | D67: 20 | F67: =D67/C67 -> 1 | G67: 11 | H67: 0 | I67: 0 | J67: 0 | K67: 0 | L67: 0 | M67: 0 | N67: 0
B68: ВМЗ | C68: 21 | D68: 21 | F68: =D68/C68 -> 1 | G68: 7 | H68: 0 | I68: 0 | J68: 0 | K68: 0 | L68: 0 | M68: 3 | N68: 0
B69: ВТЗ | C69: 17 | D69: 16 | F69: =D69/C69 -> 0.94117647 | G69: 11 | H69: 0 | I69: 0 | J69: 0 | K69: 0 | L69: 0 | M69: 2 | N69: 0
B70: Відділення РЕБ | C70: 12 | D70: 12 | F70: =D70/C70 -> 1 | G70: 4 | H70: 5 | I70: 0 | J70: 0 | K70: 0 | L70: 0 | M70: 0 | N70: 0
B71: Група безпілотних систем | C71: 5 | D71: 3 | F71: =D71/C71 -> 0.6 | G71: 0 | H71: 0 | I71: 0 | J71: 0 | K71: 0 | L71: 0 | M71: 0 | N71: 0
B72: Група ОВГП | C72: 2 | D72: 1 | F72: =D72/C72 -> 0.5 | G72: 0 | H72: 0 | I72: 0 | J72: 0 | K72: 0 | L72: 0 | M72: 0 | N72: 0
B73: Зенітно - ракетний взвод | C73: 19 | D73: 17 | F73: =D73/C73 -> 0.89473684 | G73: 5 | H73: 0 | I73: 0 | J73: 0 | K73: 0 | L73: 0 | M73: 0 | N73: 0
B74: ІСВ | C74: 33 | D74: 32 | F74: =D74/C74 -> 0.96969697 | G74: 0 | H74: 0 | I74: 0 | J74: 0 | K74: 0 | L74: 0 | M74: 0 | N74: 0
... B79: Медичний пункт | C79: 21 | D79: 17 | F79: =D79/C79 -> 0.80952381 | G79: 3 | H79: 0 | I79: 0 | J79: 0 | K79: 0 | L79: 0 | M79: 0 | N79: 0
A80: Всього: | C80: =SUM(C62:C79) -> 992 | D80: =SUM(D62:D79) -> 915 | F80: =D80/C80 -> 0.92237903 | G80: =SUM(G62:G79) -> 235 | H80: =SUM(H62:H79) -> 85 | I80: 0 | J80: =SUM(J62:J79) -> 52 | K80: 0 | L80: 0 | M80: =SUM(M62:M79) -> 87 | N80: 0
A81: 1 ПБ | B81: Управління | C81: =COUNTIFS([1]Аркуш2!$I:$I,"Оф.",[1]Аркуш2!$B:$B,"ж")+COUNTIFS([1]Аркуш2!$I:$I,"серж.",[1]Аркуш2!$B:$B,"ж") -> 7 | D81: =COUNTIFS([1]Аркуш2!$I:$I,"Оф.",[1]Аркуш2!$B:$B,"ж",[1]Аркуш2!$M:$M,"<>")+COUNTIFS([1]Аркуш2!$I:$I,"серж.",[1]Аркуш2!$B:$B,"ж",[1]Аркуш2!$M:$M,"<>") -> 5 | E81: =COUNTIFS([1]Аркуш2!$I:$I,"Оф.",[1]Аркуш2!$B:$B,"ж",[1]Аркуш2!$U:$U,"в строю")+COUNTIFS([1]Аркуш2!$I:$I,"серж.",[1]Аркуш2!$B:$B,"ж",[1]Аркуш2!$U:$U,"в строю") -> 5 | F81: =D81/C81 -> 0.71428571 | G81: 0 | H81: 0 | I81: 0 | J81: 0 | K81: 0 | L81: 0 | M81: 0 | N81: 0
B82: Штаб | C82: =COUNTIFS([1]Аркуш2!$I:$I,"Оф.",[1]Аркуш2!$B:$B,"штаб")+COUNTIFS([1]Аркуш2!$I:$I,"серж.",[1]Аркуш2!$B:$B,"штаб") -> 20 | D82: =COUNTIFS([1]Аркуш2!$I:$I,"Оф.",[1]Аркуш2!$B:$B,"Штаб",[1]Аркуш2!$M:$M,"<>")+COUNTIFS([1]Аркуш2!$I:$I,"серж.",[1]Аркуш2!$B:$B,"Штаб",[1]Аркуш2!$M:$M,"<>") -> 8 | E82: =COUNTIFS([1]Аркуш2!$I:$I,"Оф.",[1]Аркуш2!$B:$B,"Штаб",[1]Аркуш2!$U:$U,"в строю")+COUNTIFS([1]Аркуш2!$I:$I,"серж.",[1]Аркуш2!$B:$B,"Штаб",[1]Аркуш2!$U:$U,"в строю") -> 5 | F82: =D82/C82 -> 0.4 | G82: 0 | H82: 0 | I82: 0 | J82: 0 | K82: 0 | L82: 0 | M82: 0 | N82: 0
B83: 1 піхотна рота | C83: =[1]Аркуш1!$F$13 -> 113 | D83: =[1]Аркуш1!$J$13 -> 84 | E83: =[1]Аркуш1!$BL$13 -> 50 | F83: =D83/C83 -> 0.74336283 | G83: =COUNTIFS([1]Аркуш2!$B:$B,"*1 піхотна рота*",[1]Аркуш2!$U:$U,"*в строю*",[1]Аркуш2!$AE:$AE,"на виконанні") -> 16 | H83: 0 | I83: 0 | J83: 6 | K83: 0 | L83: 0 | M83: 0 | N83: 0
B84: 2 піхотна рота | C84: =[1]Аркуш1!$F$14 -> 113 | D84: =[1]Аркуш1!$J$14 -> 97 | E84: =[1]Аркуш1!$BL$14 -> 50 | F84: =D84/C84 -> 0.85840708 | G84: =COUNTIFS([1]Аркуш2!$B:$B,"*2 піхотна рота*",[1]Аркуш2!$U:$U,"*в строю*",[1]Аркуш2!$AE:$AE,"на виконанні") -> 13 | H84: 0 | I84: 0 | J84: 1 | K84: 0 | L84: 0 | M84: 0 | N84: 0
B85: 3 піхотна рота | C85: =[1]Аркуш1!$F$15 -> 113 | D85: =[1]Аркуш1!$J$15 -> 97 | E85: =[1]Аркуш1!$BL$15 -> 55 | F85: =D85/C85 -> 0.85840708 | G85: =COUNTIFS([1]Аркуш2!$B:$B,"*3 піхотна рота*",[1]Аркуш2!$U:$U,"*в строю*",[1]Аркуш2!$AE:$AE,"на виконанні") -> 11 | H85: 0 | I85: 0 | J85: 4 | K85: 0 | L85: 0 | M85: 0 | N85: 0
B86: Взвод зв'язку | C86: =[1]Аркуш1!$F$26 -> 20 | D86: =[1]Аркуш1!$J$26 -> 19 | E86: =[1]Аркуш1!$BL$26 -> 15 | F86: =D86/C86 -> 0.95 | G86: =COUNTIFS([1]Аркуш2!$B:$B,"*Взвод зв'язку*",[1]Аркуш2!$U:$U,"*в строю*",[1]Аркуш2!$AE:$AE,"на виконанні") -> 5 | H86: 0 | I86: 0 | J86: 1 | K86: 0 | L86: 0 | M86: 0 | N86: 0
B87: Взвод логістично - евакуаційних безпілотних наземних систем | C87: =[1]Аркуш1!$F$21 -> 32 | D87: =[1]Аркуш1!$J$21 -> 30 | E87: =[1]Аркуш1!$BL$21 -> 19 | F87: =D87/C87 -> 0.9375 | G87: =COUNTIFS([1]Аркуш2!$B:$B,"*Взвод логістично-евакуаційних безпілотних наземних систем*",[1]Аркуш2!$U:$U,"*в строю*",[1]Аркуш2!$AE:$AE,"на виконанні") -> 3 | H87: 0 | I87: 0 | J87: 1 | K87: 0 | L87: 0 | M87: 0 | N87: 0
B88: ВМТЗ | C88: =[1]Аркуш1!$F$27 -> 28 | D88: =[1]Аркуш1!$J$27 -> 25 | E88: =[1]Аркуш1!$BL$27 -> 22 | F88: =D88/C88 -> 0.89285714 | G88: =COUNTIFS([1]Аркуш2!$B:$B,"*Взвод матеріально-технічного забезпечення*",[1]Аркуш2!$U:$U,"*в строю*",[1]Аркуш2!$AE:$AE,"на виконанні") -> 4 | H88: 0 | I88: 0 | J88: 1 | K88: 0 | L88: 0 | M88: 0 | N88: 0
B89: Взвод перехоплювачів безпілотних літальних апаратів | C89: =[1]Аркуш1!$F$22 -> 24 | D89: =[1]Аркуш1!$J$22 -> 23 | E89: =[1]Аркуш1!$BL$22 -> 13 | F89: =D89/C89 -> 0.95833333 | G89: =COUNTIFS([1]Аркуш2!$B:$B,"*Взвод перехоплювачів безпілотних літальних апаратів*",[1]Аркуш2!$U:$U,"*в строю*",[1]Аркуш2!$AE:$AE,"на виконанні") -> 1 | H89: 0 | I89: 0 | J89: 0 | K89: 0 | L89: 0 | M89: 0 | N89: 0
B90: Взвод протитанкових ракетних комплексів | C90: =[1]Аркуш1!$F$20 -> 20 | D90: =[1]Аркуш1!$J$20 -> 19 | E90: =[1]Аркуш1!$BL$20 -> 13 | F90: =D90/C90 -> 0.95 | G90: =COUNTIFS([1]Аркуш2!$B:$B,"*Взвод протитанкових ракетних комплексів*",[1]Аркуш2!$U:$U,"*в строю*",[1]Аркуш2!$AE:$AE,"на виконанні") -> 2 | H90: 0 | I90: 0 | J90: 0 | K90: 0 | L90: 0 | M90: 0 | N90: 0
B91: Відділення РЕБ | C91: =[1]Аркуш1!$F$25 -> 12 | D91: =[1]Аркуш1!$J$25 -> 12 | E91: =COUNTIFS([1]Аркуш2!$I:$I,"Оф.",[1]Аркуш2!$B:$B,"Відділення радіоелектронної боротьби",[1]Аркуш2!$U:$U,"в строю")+COUNTIFS([1]Аркуш2!$I:$I,"серж.",[1]Аркуш2!$B:$B,"Відділення радіоелектронної боротьби",[1]Аркуш2!$U:$U,"в строю")+COUNTIFS([1]Аркуш2!$I:$I,"солд.",[1]Аркуш2!$B:$B,"Відділення радіоелектронної боротьби",[1]Аркуш2!$U:$U,"в строю") -> 6 | F91: =D91/C91 -> 1 | G91: =COUNTIFS([1]Аркуш2!$B:$B,"*Відділення радіоелектронної боротьби*",[1]Аркуш2!$U:$U,"*в строю*",[1]Аркуш2!$AE:$AE,"на виконанні") -> 1 | H91: 0 | I91: 0 | J91: 0 | K91: 0 | L91: 0 | M91: 0 | N91: 0
B92: Гранатометний взвод | C92: =[1]Аркуш1!$F$17 -> 22 | D92: =[1]Аркуш1!$J$17 -> 21 | E92: =[1]Аркуш1!$BL$17 -> 15 | F92: =D92/C92 -> 0.95454545 | G92: =COUNTIFS([1]Аркуш2!$B:$B,"*Гранатометний взвод*",[1]Аркуш2!$U:$U,"*в строю*",[1]Аркуш2!$AE:$AE,"на виконанні") -> 3 | H92: 0 | I92: 0 | J92: 0 | K92: 0 | L92: 0 | M92: 0 | N92: 0
B93: Група безпілотних систем | C93: =COUNTIFS([1]Аркуш2!$I:$I,"Оф.",[1]Аркуш2!$B:$B,"Група безпілотних систем")+COUNTIFS([1]Аркуш2!$I:$I,"серж.",[1]Аркуш2!$B:$B,"Група безпілотних систем") -> 5 | D93: =COUNTIFS([1]Аркуш2!$I:$I,"Оф.",[1]Аркуш2!$B:$B,"Група безпілотних систем",[1]Аркуш2!$M:$M,"<>")+COUNTIFS([1]Аркуш2!$I:$I,"серж.",[1]Аркуш2!$B:$B,"Група безпілотних систем",[1]Аркуш2!$M:$M,"<>") -> 1 | E93: =COUNTIFS([1]Аркуш2!$I:$I,"Оф.",[1]Аркуш2!$B:$B,"Група безпілотних систем",[1]Аркуш2!$U:$U,"в строю")+COUNTIFS([1]Аркуш2!$I:$I,"серж.",[1]Аркуш2!$B:$B,"Група безпілотних систем",[1]Аркуш2!$U:$U,"в строю") -> 0 | F93: =D93/C93 -> 0.2 | G93: 0 | H93: 0 | I93: 0 | J93: 0 | K93: 0 | L93: 0 | M93: 0 | N93: 0
B94: Зенітно - ракетний взвод | C94: 0 | D94: 0 | E94: 0 | F94: 0 | G94: 0 | H94: 0 | I94: 0 | J94: 0 | K94: 0 | L94: 0 | M94: 0 | N94: 0
B95: ІСВ | C95: =[1]Аркуш1!$F$24 -> 7 | D95: =[1]Аркуш1!$J$24 -> 7 | E95: =COUNTIFS([1]Аркуш2!$I:$I,"Оф.",[1]Аркуш2!$B:$B,"Інженерно-саперне відділення",[1]Аркуш2!$U:$U,"в строю")+COUNTIFS([1]Аркуш2!$I:$I,"серж.",[1]Аркуш2!$B:$B,"Інженерно-саперне відділення",[1]Аркуш2!$U:$U,"в строю")+COUNTIFS([1]Аркуш2!$I:$I,"солд.",[1]Аркуш2!$B:$B,"Інженерно-саперне відділення",[1]Аркуш2!$U:$U,"в строю") -> 5 | F95: =D95/C95 -> 1 | G95: =COUNTIFS([1]Аркуш2!$B:$B,"*Інженерно-саперне відділення*",[1]Аркуш2!$U:$U,"*в строю*",[1]Аркуш2!$AE:$AE,"на виконанні") -> 2 | H95: 0 | I95: 0 | J95: 0 | K95: 0 | L95: 0 | M95: 0 | N95: 0
B96: Кулеметний взвод | C96: =[1]Аркуш1!$F$19 -> 31 | D96: =[1]Аркуш1!$J$19 -> 27 | E96: =[1]Аркуш1!$BL$19 -> 19 | F96: =D96/C96 -> 0.87096774 | G96: =COUNTIFS([1]Аркуш2!$B:$B,"*Кулеметний взвод*",[1]Аркуш2!$U:$U,"*в строю*",[1]Аркуш2!$AE:$AE,"на виконанні") -> 6 | H96: 0 | I96: 0 | J96: 9 | K96: 0 | L96: 0 | M96: 0 | N96: 0
B97: Мінометний взвод | C97: =[1]Аркуш1!$F$18 -> 20 | D97: =[1]Аркуш1!$J$18 -> 17 | E97: =[1]Аркуш1!$BL$18 -> 10 | F97: =D97/C97 -> 0.85 | G97: =COUNTIFS([1]Аркуш2!$B:$B,"*Мінометний взвод*",[1]Аркуш2!$U:$U,"*в строю*",[1]Аркуш2!$AE:$AE,"на виконанні") -> 1 | H97: 0 | I97: 0 | J97: 4 | K97: 0 | L97: 0 | M97: 0 | N97: 0
B98: Розвідувальний взвод | C98: =[1]Аркуш1!$F$23 -> 24 | D98: =[1]Аркуш1!$J$23 -> 22 | E98: =[1]Аркуш1!$BL$23 -> 14 | F98: =D98/C98 -> 0.91666667 | G98: =COUNTIFS([1]Аркуш2!$B:$B,"*Розвідувальний взвод*",[1]Аркуш2!$U:$U,"*в строю*",[1]Аркуш2!$AE:$AE,"на виконанні") -> 2 | H98: 0 | I98: 0 | J98: 1 | K98: 0 | L98: 0 | M98: 0 | N98: 0
B99: Рота безпілотних авіаційних комплексів | C99: =[1]Аркуш1!$F$16 -> 87 | D99: =[1]Аркуш1!$J$16 -> 74 | E99: =[1]Аркуш1!$BL$16 -> 59 | F99: =D99/C99 -> 0.85057471 | G99: =COUNTIFS([1]Аркуш2!$B:$B,"*Рота безпілотних авіаційних комплексів*",[1]Аркуш2!$U:$U,"*в строю*",[1]Аркуш2!$AE:$AE,"на виконанні") -> 21 | H99: 0 | I99: 0 | J99: 0 | K99: 0 | L99: 0 | M99: 0 | N99: 0
B100: Медичний пункт | C100: =[1]Аркуш1!$F$28 -> 11 | D100: =[1]Аркуш1!$J$28 -> 11 | E100: =[1]Аркуш1!$BL$28 -> 10 | F100: =D100/C100 -> 1 | G100: =COUNTIFS([1]Аркуш2!$B:$B,"*Медичний пункт*",[1]Аркуш2!$U:$U,"*в строю*",[1]Аркуш2!$AE:$AE,"на виконанні") -> 0 | H100: 0 | I100: 0 | J100: 0 | K100: 0 | L100: 0 | M100: 0 | N100: 0
A101: Всього: | C101: =SUM(C81:C100) -> 709 | D101: =SUM(D81:D100) -> 599 | E101: =SUM(E81:E100) -> 385 | F101: =SUM(F81:F100)/19 -> 0.83715304 | G101: =SUM(G81:G100) -> 91 | H101: =SUM(H81:H100) -> 0 | I101: =SUM(I81:I100) -> 0 | J101: =SUM(J81:J100) -> 28 | K101: =SUM(K81:K100) -> 0 | L101: =SUM(L81:L100) -> 0 | M101: =SUM(M81:M100) -> 0 | N101: =SUM(N81:N100) -> 0
A102: 2ПБ | B102: Управління | C102: 7 | D102: 4 | F102: =D102/C102 -> 0.57142857 | G102: 0 | H102: 0 | I102: 0 | J102: 0 | K102: 0 | L102: 0 | M102: 0 | N102: 0
B103: Штаб | C103: 20 | D103: 12 | F103: =D103/C103 -> 0.6 | G103: 0 | H103: 0 | I103: 0 | J103: 0 | K103: 0 | L103: 0 | M103: 0 | N103: 0
B104: 1 піхотна рота | C104: 113 | D104: 106 | F104: =D104/C104 -> 0.9380531 | G104: 23 | H104: 12 | I104: 2 | J104: 6 | K104: 0 | L104: 0 | M104: 0 | N104: 10
B105: 2 піхотна рота | C105: 113 | D105: 102 | F105: =D105/C105 -> 0.90265487 | G105: 10 | H105: 5 | I105: 0 | J105: 6 | K105: 0 | L105: 0 | M105: 0 | N105: 9
B106: 3 піхотна рота | C106: 113 | D106: 105 | F106: =D106/C106 -> 0.92920354 | G106: 16 | H106: 7 | I106: 0 | J106: 3 | K106: 0 | L106: 0 | M106: 0 | N106: 9
...
